PRAGMA foreign_keys=OFF;
BEGIN TRANSACTION;
CREATE TABLE users (
    id INTEGER PRIMARY KEY AUTOINCREMENT,
    username VARCHAR(255) NOT NULL UNIQUE,
    _password_hash VARCHAR NOT NULL,
    email VARCHAR NOT NULL UNIQUE,
    created_at TIMESTAMP DEFAULT CURRENT_TIMESTAMP,
    last_login TIMESTAMP
);
INSERT INTO users VALUES(1,'john_doe','$2b$12$r.ijiRsf40Lqq75uBBPa6ekf8po6dOE1Sv3TAM0OmCc6Lt5MFbh1m','john@example.com','2024-05-16 13:45:58','2024-05-21 18:20:23.730947');
INSERT INTO users VALUES(2,'jane_doe','$2b$12$RTuryqp6iKPJjyevvtgRpO671CuVx6l2kWvcdIr9UPqmBQzd8JQHa','jane@example.com','2024-05-16 13:45:58','2024-05-18 22:05:46.997503');
INSERT INTO users VALUES(3,'alice_smith','$2b$12$ko3/otX6ngQHwBH45Bhew.CifGiQfgT9DYipNjCbP/30cyrdX84Ee','alice@example.com','2024-05-16 13:45:58',NULL);
INSERT INTO users VALUES(4,'bob_jones','$2b$12$ZCjPnTTzpBb88XjTH7mXXeQpGDFgPGuSJp3/.gdUOCIhWEHVIzDYK','bob@example.com','2024-05-16 13:45:58','2024-05-18 16:33:19.350851');
INSERT INTO users VALUES(5,'carol_white','$2b$12$JO.3Ej4A0SfgXmRMEgJ0wOaN4711unFB/eK.iGiJcx2/Nr58AG61y','carol@example.com','2024-05-16 13:45:58',NULL);
INSERT INTO users VALUES(6,'dave_brown','$2b$12$mCJeL92OyZXgTNGX8ABTZOSIKfPxAuXdbbXR07qtj1Wc4w1rv9AWG','test@exampoe','2024-05-16 13:45:58',NULL);
INSERT INTO users VALUES(7,'eve_black','$2b$12$GGfQ0QlwszwoWhnRhcNo9uGWEyYCd48lKhw5Kh18IGdP0wkAHdILy','eve@example.com','2024-05-16 13:45:58',NULL);
INSERT INTO users VALUES(8,'frank_gray','$2b$12$oyHAV28msUW4anT9wW1nQeGulgUHIJR0SD9Vrw49bYX8h0HGoVUgG','frank@example.com','2024-05-16 13:45:58',NULL);
INSERT INTO users VALUES(9,'grace_hall','$2b$12$ekgolUapOWTe.cBUNWMguuOZfjNoD2fyLN9p0PqtC3xJxEwNknGZa','grace@example.com','2024-05-16 13:45:58',NULL);
INSERT INTO users VALUES(10,'hank_lopez','$2b$12$L.UyGEL4idBWZuDYk5vfzuMHWJqg8sQ/jGrikCImL1GsxIn0WgQqe','hank@example.com','2024-05-16 13:45:58','2024-05-19 22:44:43.028228');
INSERT INTO users VALUES(11,'test_user','$2b$12$PamntBJe/N2oZhhG5/D2u.WJAa30Brm0nhHi1d/DEYs4nNFICiDLi','test1@example.com','2024-05-16 16:11:15','2024-05-16 12:11:15.447849');
INSERT INTO users VALUES(12,'test_user1','$2b$12$ENIA8LtYBZD6po9PSjofP.PQb8T8LTWDR0oS0xoUMv8ElcYttmzAy','test2@example.com','2024-05-16 16:24:40','2024-05-16 12:24:40.436407');
INSERT INTO users VALUES(13,'test_user2','$2b$12$g2sHsnorw7WiUlHDSCtbXuRW39XHuHPDVcurpjlViul/qLHyqOb8i','test3@example.com','2024-05-16 16:25:08','2024-05-16 12:38:14.489412');
INSERT INTO users VALUES(14,'test_user3','$2b$12$FQ3YUz8Vteuk8pXQc5WoaOKk/xq.7eGp50RszZu7Hqq4LGc1zgOsa','test5@example.com','2024-05-19 02:13:10','2024-05-18 22:13:10.528448');
INSERT INTO users VALUES(15,'test_user4','$2b$12$ba1py/nyq5v8ncpwu5qGNu0AKVPivAsHSGQrAi1Ot4biE17PiYuou','test7@example.com','2024-05-19 02:14:21','2024-05-18 22:14:21.779464');
INSERT INTO users VALUES(16,'jane_doe_test','$2b$12$Z/qiti/xjAUUBF0Z185IeeBp.xpuNoYMa6PLQIinGm7dBbkshwe1a','testtesttest@example.com','2024-05-19 02:17:08','2024-05-18 22:17:08.870749');
INSERT INTO users VALUES(17,'test_user_1','$2b$12$ik6AS/3j2es6QH1IgS0QqO/VKa78nCtPtRM3/418fXnLJzufr2f7m','test10@example.com','2024-05-20 03:27:57','2024-05-19 23:27:57.495587');
INSERT INTO users VALUES(18,'john_doe42332','$2b$12$zHz8QTDbJrIt4h0wybcor.BzmIrb/jtGdmC7wKP6PvhsqDgpsG2ti','testtesttefsdfsdst@example.com','2024-05-20 14:30:06','2024-05-20 10:30:06.060614');
CREATE TABLE recipes (
    id INTEGER PRIMARY KEY AUTOINCREMENT,
    title VARCHAR(255) NOT NULL UNIQUE,
    instructions TEXT NOT NULL,
    preparation_time INTEGER NOT NULL,
    serving_size INTEGER NOT NULL,
    image_url VARCHAR NOT NULL,
    created_at TIMESTAMP DEFAULT CURRENT_TIMESTAMP,
    user_id INTEGER,
    FOREIGN KEY (user_id) REFERENCES users (id)
);
INSERT INTO recipes VALUES(1,'Chocolate Cake','Preheat oven to 350°F (175°C). Grease and flour two nine-inch round pans. In a large bowl, stir together the sugar, flour, cocoa, baking powder, baking soda, and salt. Add the eggs, milk, oil, and vanilla, mix for 2 minutes on medium speed of mixer. Stir in the boiling water last. Batter will be thin. Pour evenly into the prepared pans. Bake 30 to 35 minutes in the preheated oven, until the cake tests done with a toothpick. Cool in the pans for 10 minutes, then remove to a wire rack to cool completely.',60,8,'https://t3.ftcdn.net/jpg/02/10/14/94/360_F_210149442_uQtMQbKDZNDoqia6j4tNzkyPOBpXEyjz.jpg','2024-05-16 13:45:58',1);
INSERT INTO recipes VALUES(2,'Pasta Carbonara','In a large pot of boiling salted water, cook pasta according to package instructions; reserve 1 cup water and drain well. In a small bowl, whisk together eggs and Parmesan; set aside. Heat a large skillet over medium high heat. Add bacon and cook until brown and crispy, about 6-8 minutes; reserve excess fat. Stir in garlic until fragrant, about 1 minute. Reduce heat to low. Working quickly, stir in pasta and egg mixture, and gently toss to combine; season with salt and pepper, to taste. Add reserved pasta water, one tablespoon at a time, until desired consistency is reached. Serve immediately, garnished with parsley, if desired.',20,4,'https://www.allrecipes.com/thmb/Vg2cRidr2zcYhWGvPD8M18xM_WY=/1500x0/filters:no_upscale():max_bytes(150000):strip_icc()/11973-spaghetti-carbonara-ii-DDMFS-4x3-6edea51e421e4457ac0c3269f3be5157.jpg','2024-05-16 13:45:58',2);
INSERT INTO recipes VALUES(3,'Chicken Curry','Heat oil in a large skillet over medium heat. Add onion and cook until soft and translucent, about 5 minutes. Stir in garlic, curry powder, cumin, turmeric, coriander, and cayenne and cook for another minute. Add chicken pieces and cook until lightly browned. Stir in tomato sauce and yogurt. Reduce heat to low and simmer for 20 minutes. Garnish with fresh cilantro before serving.',40,4,'https://t4.ftcdn.net/jpg/04/08/06/83/360_F_408068349_i5frJjLX8cNA6h9BFg1Ci6uVvgp9sNDQ.jpg','2024-05-16 13:45:58',3);
INSERT INTO recipes VALUES(4,'Beef Stew','In a large pot or Dutch oven, cook beef over medium heat until browned. Add onions, garlic, and cook until translucent. Stir in carrots, potatoes, beef broth, tomato paste, Worcestershire sauce, thyme, and bay leaf. Bring to a boil, reduce heat, and simmer until beef is tender and vegetables are cooked through, about 1.5 hours. Remove bay leaf and season with salt and pepper before serving.',120,6,'https://www.allrecipes.com/thmb/XkapTqFUR4U_fMMZQwgikkuoL-Q=/1500x0/filters:no_upscale():max_bytes(150000):strip_icc()/RM-281995-ClassicHeartyBeefStew-ddmfs-3x4-6957-660344f4e4c8417fa6d1cf3175e0202c.jpg','2024-05-16 13:45:58',4);
INSERT INTO recipes VALUES(5,'Vegetable Stir Fry','In a large wok or skillet, heat oil over medium-high heat. Add garlic and ginger and cook until fragrant. Add vegetables and stir-fry until tender-crisp, about 5-7 minutes. Stir in soy sauce and sesame oil. Serve over rice or noodles.',30,4,'https://plantbasedonabudget.com/wp-content/uploads/2023/06/Stir-Fry-Veggies-17-500x500.jpg','2024-05-16 13:45:58',5);
INSERT INTO recipes VALUES(6,'Grilled Cheese Sandwich','Butter one side of each bread slice. Place one slice, butter-side down, in a skillet over medium heat. Top with cheese slices and another slice of bread, butter-side up. Cook until golden brown, then flip and cook until the other side is golden brown and cheese is melted.',10,1,'https://www.allrecipes.com/thmb/ICeU6n3kGzoTxOV4ONB0q_TpgYk=/1500x0/filters:no_upscale():max_bytes(150000):strip_icc()/125434-GrilledCheeseoftheGods-mfs-3x2-067-267097af4d0b446ab646bba044445147.jpg','2024-05-16 13:45:58',6);
INSERT INTO recipes VALUES(7,'Caesar Salad','In a large bowl, combine lettuce, croutons, and Parmesan cheese. In a small bowl, whisk together lemon juice, garlic, anchovy paste, Worcestershire sauce, Dijon mustard, and olive oil. Pour dressing over salad and toss to coat.',15,4,'https://www.thespruceeats.com/thmb/DRaBINVopeoHOpjJn66Yh7pMBSc=/1500x0/filters:no_upscale():max_bytes(150000):strip_icc()/classic-caesar-salad-recipe-996054-Hero_01-33c94cc8b8e841ee8f2a815816a0af95.jpg','2024-05-16 13:45:58',7);
INSERT INTO recipes VALUES(8,'Blueberry Muffins','Preheat oven to 400°F (200°C). Grease and flour a 12-cup muffin tin. In a large bowl, combine flour, sugar, salt, and baking powder. In a small bowl, combine vegetable oil, egg, and milk. Mix this with flour mixture. Fold in blueberries. Fill muffin cups right to the top, and sprinkle with crumb topping mixture. To make crumb topping: Mix together sugar, flour, butter, and cinnamon. Mix with fork, and sprinkle over muffins before baking. Bake for 20 to 25 minutes.',35,12,'https://www.culinaryhill.com/wp-content/uploads/2022/08/Blueberry-Muffins-Culinary-Hill-1200x800-1.jpg','2024-05-16 13:45:58',8);
INSERT INTO recipes VALUES(9,'Lemonade','In a small saucepan, combine sugar and 1 cup water. Bring to a boil and stir to dissolve sugar. Allow to cool to room temperature, then cover and refrigerate until chilled. Remove seeds from lemon juice, but leave pulp. In a pitcher, stir together chilled syrup, lemon juice, and remaining 7 cups water.',10,6,'https://st2.depositphotos.com/16122460/43973/i/450/depositphotos_439730134-stock-photo-natural-lemonade-mint-fresh-fruits.jpg','2024-05-16 13:45:58',9);
INSERT INTO recipes VALUES(10,'Lasagna','Preheat oven to 375°F (190°C). In a large pot, cook noodles in boiling water for 8 to 10 minutes. Drain noodles, and rinse with cold water. In a mixing bowl, combine ricotta cheese with egg, remaining parsley, and 1/2 teaspoon salt. In a large skillet, cook and stir ground beef and sausage over medium heat until brown. Add garlic and cook for 2 minutes. Stir in crushed tomatoes, tomato paste, tomato sauce, and water. Season with sugar, basil, fennel seeds, Italian seasoning, 1 tablespoon salt, pepper, and 2 tablespoons parsley. Simmer, covered, for about 1 1/2 hours, stirring occasionally. To assemble, spread 1 1/2 cups meat sauce in the bottom of a 9x13 inch baking dish. Arrange 6 noodles lengthwise over meat sauce. Spread with one half of the ricotta cheese mixture. Top with a third of mozzarella cheese slices. Spoon 1 1/2 cups meat sauce over mozzarella, and sprinkle with 1/4 cup Parmesan cheese. Repeat layers, and top with remaining mozzarella and Parmesan cheese. Cover with foil: to prevent sticking, either spray foil with cooking spray, or make sure the foil does not touch the cheese. Bake in preheated oven for 25 minutes. Remove foil, and bake an additional 25 minutes. Cool for 15 minutes before serving.',120,12,'https://cdn.pixabay.com/photo/2022/11/08/05/34/lasagna-7577748_1280.jpg','2024-05-16 13:45:58',10);
INSERT INTO recipes VALUES(11,'Pancakes','In a large bowl, sift together the flour, baking powder, salt, and sugar. Make a well in the center and pour in the milk, egg, and melted butter; mix until smooth. Heat a lightly oiled griddle or frying pan over medium high heat. Pour or scoop the batter onto the griddle, using approximately 1/4 cup for each pancake. Brown on both sides and serve hot.',20,4,'https://img.freepik.com/premium-photo/stack-pancakes-with-butter-syrup-top_81048-20101.jpg','2024-05-16 13:45:58',1);
INSERT INTO recipes VALUES(12,'Spaghetti Bolognese','Heat oil in a large skillet over medium heat. Add onion, celery, and carrot. Cook until soft, about 5 minutes. Add garlic and cook for 1 minute more. Add beef and cook until browned. Stir in tomato paste and cook for 1 minute. Add wine and cook until reduced by half. Add tomatoes and simmer for 30 minutes. Season with salt and pepper. Serve over cooked spaghetti.',60,6,'https://t4.ftcdn.net/jpg/02/40/99/19/360_F_240991913_c22j6WvLgpqiUvjaLiLc5rh14WO8jShB.jpg','2024-05-16 13:45:58',2);
INSERT INTO recipes VALUES(13,'Chicken Alfredo','Cook pasta according to package instructions. In a large skillet, heat butter over medium heat. Add chicken and cook until golden brown. Remove chicken from skillet. In the same skillet, add garlic and cook until fragrant. Stir in cream and simmer until thickened. Add Parmesan cheese and cook until melted. Return chicken to skillet and toss with sauce. Serve over pasta.',30,4,'https://people.com/thmb/2JEMLDieHqYi4nc7ktFerRsoYDw=/1500x0/filters:no_upscale():max_bytes(150000):strip_icc():focal(999x0:1001x2)/olivegarden-07f1633bd0f4406b94b84474c33ad494.jpg','2024-05-16 13:45:58',3);
INSERT INTO recipes VALUES(14,'Greek Salad','In a large bowl, combine cucumbers, tomatoes, bell pepper, red onion, olives, and feta cheese. In a small bowl, whisk together olive oil, lemon juice, garlic, oregano, salt, and pepper. Pour dressing over salad and toss to coat.',15,4,'https://img.freepik.com/free-photo/greek-salad-with-fresh-vegetables-feta-cheese-kalamata-olives_2829-10848.jpg','2024-05-16 13:45:58',4);
INSERT INTO recipes VALUES(15,'French Toast','In a large mixing bowl, whisk together eggs, milk, sugar, vanilla, and cinnamon. Heat a lightly oiled griddle or skillet over medium-high heat. Soak bread slices in egg mixture for 20 seconds on each side. Cook bread on the griddle until golden brown on both sides. Serve hot.',20,4,'https://joyfoodsunshine.com/wp-content/uploads/2018/05/best-easy-french-toast-recipe-4.jpg','2024-05-16 13:45:58',5);
INSERT INTO recipes VALUES(16,'BBQ Ribs','Preheat oven to 300°F (150°C). Season ribs with salt and pepper. Wrap ribs in foil and bake for 2.5 hours. Preheat an outdoor grill to medium-high heat. Remove ribs from foil and place on the grill. Baste with BBQ sauce and grill for 5-10 minutes per side, until sauce is caramelized.',180,4,'https://www.seriouseats.com/thmb/Omlu6IT-0rpmk8WE05iSfS8IqO8=/1500x0/filters:no_upscale():max_bytes(150000):strip_icc()/__opt__aboutcom__coeus__resources__content_migration__serious_eats__seriouseats.com__recipes__images__2015__08__20150730-anova-sous-vide-rib-guide-food-lab68-j-kenji-lopez-alt-3a8181cad15d4dbc93037b66c0f209da.jpg','2024-05-16 13:45:58',6);
INSERT INTO recipes VALUES(17,'Apple Pie','Preheat oven to 425°F (220°C). In a large bowl, combine sliced apples, sugar, flour, cinnamon, nutmeg, and lemon juice. Roll out half of the dough and place in a 9-inch pie plate. Fill with apple mixture. Roll out remaining dough and place over filling. Trim and crimp edges. Cut slits in top crust to allow steam to escape. Bake for 45-50 minutes, until crust is golden brown.',90,8,'https://www.southernliving.com/thmb/bbDY1d_ySIrCFcq8WNBkR-3x6pU=/1500x0/filters:no_upscale():max_bytes(150000):strip_icc()/2589601_Mailb_Mailbox_Apple_Pie_003-da802ff7a8984b2fa9aa0535997ab246.jpg','2024-05-16 13:45:58',7);
INSERT INTO recipes VALUES(18,'Shrimp Scampi','In a large skillet, melt butter over medium heat. Add garlic and cook until fragrant. Stir in shrimp and cook until pink. Add white wine and lemon juice. Cook until wine is reduced by half. Stir in parsley and season with salt and pepper. Serve over pasta or with crusty bread.',20,4,'https://www.allrecipes.com/thmb/jiV_4f8vXFle1RdFLgd8-_31J3M=/1500x0/filters:no_upscale():max_bytes(150000):strip_icc()/229960-shrimp-scampi-with-pasta-DDMFS-4x3-e065ddef4e6d44479d37b4523808cc23.jpg','2024-05-16 13:45:58',8);
INSERT INTO recipes VALUES(19,'Chocolate Chip Cookies','Preheat oven to 350°F (175°C). In a large bowl, cream together butter, white sugar, and brown sugar until smooth. Beat in the eggs one at a time, then stir in vanilla. Dissolve baking soda in hot water. Add to batter along with salt. Stir in flour, chocolate chips, and nuts. Drop by large spoonfuls onto ungreased pans. Bake for about 10 minutes, or until edges are nicely browned.',25,24,'https://www.onceuponachef.com/images/2021/11/Best-Chocolate-Chip-Cookies.jpg','2024-05-16 13:45:58',9);
INSERT INTO recipes VALUES(20,'Tacos','In a large skillet, cook ground beef over medium heat until browned. Stir in taco seasoning and water. Simmer until thickened. Spoon meat mixture into taco shells. Top with lettuce, cheese, tomatoes, and sour cream.',20,4,'https://www.onceuponachef.com/images/2023/08/Beef-Tacos.jpg','2024-05-16 13:45:58',10);
INSERT INTO recipes VALUES(21,'Baked Salmon','Preheat oven to 375°F (190°C). Place salmon fillets on a lined baking sheet. Drizzle with olive oil and lemon juice. Season with salt, pepper, and dill. Bake for 15-20 minutes, until salmon flakes easily with a fork.',25,4,'https://healthyrecipesblogs.com/wp-content/uploads/2021/01/baked-salmon-featured1-2022.jpg','2024-05-16 13:45:58',1);
INSERT INTO recipes VALUES(22,'Quiche','Preheat oven to 350°F (175°C). In a medium bowl, whisk together eggs, cream, salt, and pepper. Stir in cheese, ham, and green onions. Pour into prepared pie crust. Bake for 45 minutes, until the center is set and top is golden brown.',60,6,'https://cdn.grove.wgbh.org/91/19/26660e98fc3cb052197dd68a6203/quiche-lorraine.jpg','2024-05-16 13:45:58',2);
INSERT INTO recipes VALUES(23,'Fried Rice','In a large skillet or wok, heat oil over medium-high heat. Add garlic and cook until fragrant. Stir in cooked rice, soy sauce, and oyster sauce. Cook until heated through. Stir in scrambled eggs and green onions.',20,4,'https://www.savoryexperiments.com/wp-content/uploads/2022/11/Fried-Rice-9.jpg','2024-05-16 13:45:58',3);
INSERT INTO recipes VALUES(24,'Clam Chowder','In a large pot, cook bacon over medium heat until crisp. Remove bacon and set aside. Add onions and celery to the pot and cook until tender. Stir in potatoes, clam juice, and water. Bring to a boil, then reduce heat and simmer until potatoes are tender. Stir in clams, cream, and cooked bacon. Season with salt and pepper. Cook until heated through.',45,6,'https://assets.epicurious.com/photos/6487316ef0a537ecfb046b4c/1:1/w_2560%2Cc_limit/ClamChowder_RECIPE_060523_54702.jpg','2024-05-16 13:45:58',4);
INSERT INTO recipes VALUES(25,'Stuffed Peppers','Preheat oven to 375°F (190°C). In a large skillet, cook ground beef over medium heat until browned. Stir in cooked rice, tomato sauce, and seasonings. Spoon mixture into bell peppers. Place peppers in a baking dish and top with cheese. Bake for 25-30 minutes, until peppers are tender and cheese is melted.',60,4,'https://t4.ftcdn.net/jpg/05/17/79/61/360_F_517796104_wgWnFwCjS97vJjhUPDe2PG8Njh5D7LKi.jpg','2024-05-16 13:45:58',5);
INSERT INTO recipes VALUES(26,'Banana Bread','Preheat oven to 350°F (175°C). In a large bowl, combine mashed bananas, melted butter, sugar, egg, and vanilla. In another bowl, combine flour, baking soda, and salt. Stir into banana mixture. Pour batter into a greased loaf pan. Bake for 60-65 minutes, until a toothpick inserted into the center comes out clean.',75,8,'https://www.simplyrecipes.com/thmb/tR-5eHAZ3lgNR6Yvu3yxdHMNpk8=/1500x0/filters:no_upscale():max_bytes(150000):strip_icc()/Simply-Recipes-Easy-Banana-Bread-LEAD-2-2-63dd39af009945d58f5bf4c2ae8d6070.jpg','2024-05-16 13:45:58',6);
INSERT INTO recipes VALUES(27,'Chicken Tacos','In a large skillet, cook chicken over medium heat until browned. Stir in taco seasoning and water. Simmer until thickened. Spoon chicken mixture into taco shells. Top with lettuce, cheese, tomatoes, and sour cream.',20,4,'https://www.dinneratthezoo.com/wp-content/uploads/2017/10/slow-cooker-chicken-tacos-14.jpg','2024-05-16 13:45:58',7);
INSERT INTO recipes VALUES(28,'Macaroni and Cheese','Cook macaroni according to package instructions. In a large saucepan, melt butter over medium heat. Stir in flour and cook for 1 minute. Gradually whisk in milk and cook until thickened. Stir in cheese until melted. Combine cheese sauce with cooked macaroni and serve.',30,6,'https://www.pressurecookrecipes.com/wp-content/uploads/2022/12/instant-pot-mac-and-cheese.jpg','2024-05-16 13:45:58',8);
INSERT INTO recipes VALUES(29,'Chili','In a large pot, cook ground beef over medium heat until browned. Add onions, bell pepper, and garlic and cook until tender. Stir in tomatoes, beans, chili powder, cumin, and oregano. Bring to a boil, then reduce heat and simmer for 30 minutes. Season with salt and pepper.',60,8,'https://t3.ftcdn.net/jpg/00/71/48/60/360_F_71486010_1E4qDBSqmGre3ISbs5nmjwrF9RRq7ySy.jpg','2024-05-16 13:45:58',9);
INSERT INTO recipes VALUES(30,'Chicken Soup','In a large pot, combine chicken, onions, carrots, celery, and garlic. Add chicken broth and bring to a boil. Reduce heat and simmer until chicken is cooked through. Remove chicken and shred. Return chicken to pot and stir in noodles. Cook until noodles are tender. Season with salt and pepper.',60,6,'https://t4.ftcdn.net/jpg/04/72/62/29/360_F_472622913_00rkwfTqr8kuBjq7Y9glR0yTJlLsrrLG.jpg','2024-05-16 13:45:58',10);
INSERT INTO recipes VALUES(31,'Pumpkin Pie','Preheat oven to 425°F (220°C). In a large bowl, combine pumpkin puree, sugar, cinnamon, ginger, and cloves. Stir in eggs and evaporated milk. Pour mixture into pie crust. Bake for 15 minutes. Reduce heat to 350°F (175°C) and bake for 40-50 minutes, until a knife inserted into the center comes out clean.',70,8,'https://t4.ftcdn.net/jpg/02/91/79/63/360_F_291796313_uzVIzYCaDgHyRIar768rphJoVwuV8Fqs.jpg','2024-05-16 13:45:58',1);
INSERT INTO recipes VALUES(32,'Burgers','In a large bowl, combine ground beef, onion, garlic, salt, and pepper. Form into patties. Preheat grill to medium-high heat. Grill patties for 5-7 minutes per side, until cooked to desired doneness. Serve on buns with lettuce, tomato, cheese, and condiments.',20,4,'https://images.pexels.com/photos/1639557/pexels-photo-1639557.jpeg?cs=srgb&dl=pexels-valeriya-1639557.jpg&fm=jpg','2024-05-16 13:45:58',2);
INSERT INTO recipes VALUES(33,'Mashed Potatoes','In a large pot, cover potatoes with water and bring to a boil. Reduce heat and simmer until potatoes are tender. Drain and return potatoes to pot. Mash with butter, milk, salt, and pepper until smooth and creamy.',30,6,'https://t4.ftcdn.net/jpg/02/77/06/43/360_F_277064380_683cuB9vF3iSLZaDg8n3pCLB34OifB9c.jpg','2024-05-16 13:45:58',3);
INSERT INTO recipes VALUES(34,'Brownies','Preheat oven to 350°F (175°C). In a large bowl, combine melted butter, sugar, eggs, and vanilla. Stir in cocoa powder, flour, baking powder, and salt. Spread batter in a greased baking pan. Bake for 20-25 minutes, until a toothpick inserted into the center comes out clean.',35,16,'https://png.pngtree.com/thumb_back/fh260/background/20230615/pngtree-brownies-a-classic-chocolate-dessert-image_2902761.jpg','2024-05-16 13:45:58',4);
INSERT INTO recipes VALUES(35,'Fajitas','In a large skillet, heat oil over medium-high heat. Add chicken, onions, and bell peppers. Cook until chicken is cooked through and vegetables are tender. Stir in fajita seasoning and water. Cook until thickened. Serve with tortillas, cheese, and sour cream.',30,4,'https://img.freepik.com/premium-photo/macro-shot-sizzling-juicy-fajitas-with-caramelized-onions-colorful-peppers_928211-4121.jpg','2024-05-16 13:45:58',5);
INSERT INTO recipes VALUES(36,'Bruschetta','Preheat oven to 400°F (200°C). In a large bowl, combine tomatoes, basil, garlic, olive oil, balsamic vinegar, salt, and pepper. Spread baguette slices on a baking sheet and toast in the oven until golden brown. Top with tomato mixture and serve.',15,6,'https://cdn.pixabay.com/photo/2020/10/01/22/39/gourmet-5619887_1280.jpg','2024-05-16 13:45:58',6);
INSERT INTO recipes VALUES(37,'Chicken Pot Pie','Preheat oven to 425°F (220°C). In a large pot, cook chicken, carrots, peas, and celery in broth until tender. In a large skillet, melt butter and stir in flour, salt, and pepper. Gradually stir in milk and cook until thickened. Stir in chicken mixture. Pour into pie crust and top with second crust. Bake for 30-35 minutes, until crust is golden brown.',90,8,'https://natashaskitchen.com/wp-content/uploads/2020/10/Chicken-Pot-Pie-9.jpg','2024-05-16 13:45:58',7);
INSERT INTO recipes VALUES(38,'Cheesecake','Preheat oven to 325°F (165°C). In a large bowl, mix cream cheese with sugar until smooth. Blend in milk, and then mix in eggs one at a time. Stir in sour cream, vanilla, and flour until smooth. Pour filling into crust. Bake for 1 hour. Turn off the oven, and let cheesecake cool in oven with the door closed for 5 to 6 hours to prevent cracking. Chill in refrigerator until serving.',420,12,'https://www.marthastewart.com/thmb/m6R1D2iuHvVxM8u7RJz7c-Us8Rg=/1500x0/filters:no_upscale():max_bytes(150000):strip_icc()/MSL-865202-new-york-cheesecake-hero-horiz-0723-84e3c796119d408581d1ef4d02d801cd.jpg','2024-05-16 13:45:58',8);
INSERT INTO recipes VALUES(39,'Garlic Bread','Preheat oven to 350°F (175°C). In a small bowl, combine butter, garlic, and parsley. Spread mixture over bread slices. Arrange slices on a baking sheet and bake for 10-12 minutes, until golden brown.',15,4,'https://t4.ftcdn.net/jpg/03/19/22/35/360_F_319223572_ILWIWBuhaeyTzGPLQ0rJCVtBSGOqw864.jpg','2024-05-16 13:45:58',9);
INSERT INTO recipes VALUES(40,'Deviled Eggs','Place eggs in a saucepan and cover with cold water. Bring water to a boil and immediately remove from heat. Cover and let eggs stand in hot water for 10-12 minutes. Remove eggs from hot water, cool under cold running water, and peel. Cut eggs in half lengthwise and remove yolks. In a small bowl, mash yolks with mayonnaise, mustard, vinegar, salt, and pepper. Fill egg whites with yolk mixture and garnish with paprika.',30,12,'https://static01.nyt.com/images/2021/10/15/dining/aw-classic-deviled-eggs/aw-classic-deviled-eggs-master768.jpg','2024-05-16 13:45:58',10);
CREATE TABLE ingredients (
    id INTEGER PRIMARY KEY AUTOINCREMENT,
    name VARCHAR NOT NULL,
    category VARCHAR(150)
);
INSERT INTO ingredients VALUES(1,'All-purpose Flour','Baking');
INSERT INTO ingredients VALUES(2,'Granulated Sugar','Baking');
INSERT INTO ingredients VALUES(3,'Kosher Salt','Seasoning');
INSERT INTO ingredients VALUES(4,'Unsalted Butter','Dairy');
INSERT INTO ingredients VALUES(5,'Large Eggs','Dairy');
INSERT INTO ingredients VALUES(6,'Whole Milk','Dairy');
INSERT INTO ingredients VALUES(7,'Baking Powder','Baking');
INSERT INTO ingredients VALUES(8,'Baking Soda','Baking');
INSERT INTO ingredients VALUES(9,'Vanilla Extract','Flavoring');
INSERT INTO ingredients VALUES(10,'Olive Oil','Oil');
INSERT INTO ingredients VALUES(11,'Minced Garlic','Vegetable');
INSERT INTO ingredients VALUES(12,'Yellow Onion','Vegetable');
INSERT INTO ingredients VALUES(13,'Roma Tomatoes','Vegetable');
INSERT INTO ingredients VALUES(14,'Boneless Chicken Breast','Meat');
INSERT INTO ingredients VALUES(15,'Ground Beef','Meat');
INSERT INTO ingredients VALUES(16,'Pork Ribs','Meat');
INSERT INTO ingredients VALUES(17,'Romaine Lettuce','Vegetable');
INSERT INTO ingredients VALUES(18,'Cheddar Cheese','Dairy');
INSERT INTO ingredients VALUES(19,'Spaghetti Pasta','Grain');
INSERT INTO ingredients VALUES(20,'White Rice','Grain');
INSERT INTO ingredients VALUES(21,'Russet Potatoes','Vegetable');
INSERT INTO ingredients VALUES(22,'Carrots','Vegetable');
INSERT INTO ingredients VALUES(23,'Celery Stalks','Vegetable');
INSERT INTO ingredients VALUES(24,'English Cucumber','Vegetable');
INSERT INTO ingredients VALUES(25,'Bell Peppers','Vegetable');
INSERT INTO ingredients VALUES(26,'Lemons','Fruit');
INSERT INTO ingredients VALUES(27,'Fresh Cilantro','Herb');
INSERT INTO ingredients VALUES(28,'Fresh Basil','Herb');
INSERT INTO ingredients VALUES(29,'Fresh Parsley','Herb');
INSERT INTO ingredients VALUES(30,'Crumbled Feta Cheese','Dairy');
INSERT INTO ingredients VALUES(31,'Smoked Bacon','Meat');
INSERT INTO ingredients VALUES(32,'Grated Parmesan Cheese','Dairy');
INSERT INTO ingredients VALUES(33,'Heavy Cream','Dairy');
INSERT INTO ingredients VALUES(34,'Plain Yogurt','Dairy');
INSERT INTO ingredients VALUES(35,'Red Wine','Beverage');
INSERT INTO ingredients VALUES(36,'Tomato Sauce','Condiment');
INSERT INTO ingredients VALUES(37,'Tomato Paste','Condiment');
INSERT INTO ingredients VALUES(38,'Chicken Broth','Beverage');
INSERT INTO ingredients VALUES(39,'Soy Sauce','Condiment');
INSERT INTO ingredients VALUES(40,'Sesame Oil','Oil');
INSERT INTO ingredients VALUES(41,'Bread Crumbs','Baking');
INSERT INTO ingredients VALUES(42,'Croutons','Baking');
INSERT INTO ingredients VALUES(43,'Ground Cinnamon','Spice');
INSERT INTO ingredients VALUES(44,'Ground Nutmeg','Spice');
INSERT INTO ingredients VALUES(45,'Granny Smith Apples','Fruit');
INSERT INTO ingredients VALUES(46,'Raw Shrimp','Seafood');
INSERT INTO ingredients VALUES(47,'Dry White Wine','Beverage');
INSERT INTO ingredients VALUES(48,'Chocolate Chips','Baking');
INSERT INTO ingredients VALUES(49,'Taco Shells','Grain');
INSERT INTO ingredients VALUES(50,'Salmon Fillets','Seafood');
INSERT INTO ingredients VALUES(51,'Diced Ham','Meat');
INSERT INTO ingredients VALUES(52,'Green Onions','Vegetable');
INSERT INTO ingredients VALUES(53,'Clam Juice','Seafood');
INSERT INTO ingredients VALUES(54,'Canned Clams','Seafood');
INSERT INTO ingredients VALUES(55,'Ground Sausage','Meat');
INSERT INTO ingredients VALUES(56,'Crushed Tomatoes','Vegetable');
INSERT INTO ingredients VALUES(57,'Worcestershire Sauce','Condiment');
INSERT INTO ingredients VALUES(58,'Fresh Dill','Herb');
INSERT INTO ingredients VALUES(59,'Sour Cream','Dairy');
INSERT INTO ingredients VALUES(60,'Mozzarella Cheese','Dairy');
INSERT INTO ingredients VALUES(61,'Dijon Mustard','Condiment');
INSERT INTO ingredients VALUES(62,'Anchovy Paste','Condiment');
INSERT INTO ingredients VALUES(63,'Evaporated Milk','Dairy');
INSERT INTO ingredients VALUES(64,'Pumpkin Puree','Vegetable');
INSERT INTO ingredients VALUES(65,'Hamburger Buns','Grain');
INSERT INTO ingredients VALUES(66,'Cocoa Powder','Baking');
INSERT INTO ingredients VALUES(67,'Lasagna Noodles','Grain');
INSERT INTO ingredients VALUES(68,'Red Bell Peppers','Vegetable');
INSERT INTO ingredients VALUES(69,'Apple','Fruit');
CREATE TABLE recipe_ingredients (
    id INTEGER PRIMARY KEY AUTOINCREMENT,
    recipe_id INTEGER NOT NULL,
    ingredient_id INTEGER NOT NULL,
    quantity VARCHAR NOT NULL,
    FOREIGN KEY (recipe_id) REFERENCES recipes (id),
    FOREIGN KEY (ingredient_id) REFERENCES ingredients (id)
);
INSERT INTO recipe_ingredients VALUES(1,1,1,'2 cups');
INSERT INTO recipe_ingredients VALUES(2,1,2,'2 cups');
INSERT INTO recipe_ingredients VALUES(3,1,3,'1 tsp');
INSERT INTO recipe_ingredients VALUES(4,1,4,'1/2 cup');
INSERT INTO recipe_ingredients VALUES(5,1,5,'2 large');
INSERT INTO recipe_ingredients VALUES(6,1,6,'1 cup');
INSERT INTO recipe_ingredients VALUES(7,1,7,'1 1/2 tsp');
INSERT INTO recipe_ingredients VALUES(8,1,8,'1 1/2 tsp');
INSERT INTO recipe_ingredients VALUES(9,1,9,'1 tsp');
INSERT INTO recipe_ingredients VALUES(10,2,19,'12 oz');
INSERT INTO recipe_ingredients VALUES(11,2,4,'1 tbsp');
INSERT INTO recipe_ingredients VALUES(12,2,5,'2 large');
INSERT INTO recipe_ingredients VALUES(13,2,31,'1/2 cup');
INSERT INTO recipe_ingredients VALUES(14,2,30,'8 oz');
INSERT INTO recipe_ingredients VALUES(15,2,11,'2 cloves');
INSERT INTO recipe_ingredients VALUES(16,3,10,'2 tbsp');
INSERT INTO recipe_ingredients VALUES(17,3,11,'1 large');
INSERT INTO recipe_ingredients VALUES(18,3,14,'1 lb');
INSERT INTO recipe_ingredients VALUES(19,3,12,'2 cloves');
INSERT INTO recipe_ingredients VALUES(20,3,33,'1 cup');
INSERT INTO recipe_ingredients VALUES(21,3,27,'2 tbsp');
INSERT INTO recipe_ingredients VALUES(22,4,15,'2 lbs');
INSERT INTO recipe_ingredients VALUES(23,4,11,'1 large');
INSERT INTO recipe_ingredients VALUES(24,4,12,'2 cloves');
INSERT INTO recipe_ingredients VALUES(25,4,21,'2 cups');
INSERT INTO recipe_ingredients VALUES(26,4,22,'3 large');
INSERT INTO recipe_ingredients VALUES(27,4,23,'3 ribs');
INSERT INTO recipe_ingredients VALUES(28,4,36,'1/4 cup');
INSERT INTO recipe_ingredients VALUES(29,4,3,'2 tbsp');
INSERT INTO recipe_ingredients VALUES(30,5,10,'2 tbsp');
INSERT INTO recipe_ingredients VALUES(31,5,11,'1 large');
INSERT INTO recipe_ingredients VALUES(32,5,24,'1 large');
INSERT INTO recipe_ingredients VALUES(33,5,25,'1 large');
INSERT INTO recipe_ingredients VALUES(34,5,26,'1 large');
INSERT INTO recipe_ingredients VALUES(35,5,39,'2 tbsp');
INSERT INTO recipe_ingredients VALUES(36,6,4,'2 tbsp');
INSERT INTO recipe_ingredients VALUES(37,6,18,'4 slices');
INSERT INTO recipe_ingredients VALUES(38,7,17,'1 head');
INSERT INTO recipe_ingredients VALUES(39,7,18,'1/2 cup');
INSERT INTO recipe_ingredients VALUES(40,7,42,'1/4 cup');
INSERT INTO recipe_ingredients VALUES(41,7,10,'2 tbsp');
INSERT INTO recipe_ingredients VALUES(42,7,12,'2 cloves');
INSERT INTO recipe_ingredients VALUES(43,7,9,'1 tbsp');
INSERT INTO recipe_ingredients VALUES(44,7,41,'1 tsp');
INSERT INTO recipe_ingredients VALUES(45,7,40,'2 tbsp');
INSERT INTO recipe_ingredients VALUES(46,8,1,'2 cups');
INSERT INTO recipe_ingredients VALUES(47,8,2,'1 cup');
INSERT INTO recipe_ingredients VALUES(48,8,3,'1 tsp');
INSERT INTO recipe_ingredients VALUES(49,8,4,'1/2 cup');
INSERT INTO recipe_ingredients VALUES(50,8,5,'1 large');
INSERT INTO recipe_ingredients VALUES(51,8,6,'1 cup');
INSERT INTO recipe_ingredients VALUES(52,8,7,'1 1/2 tsp');
INSERT INTO recipe_ingredients VALUES(53,9,2,'1 cup');
INSERT INTO recipe_ingredients VALUES(54,9,26,'1 cup');
INSERT INTO recipe_ingredients VALUES(55,10,15,'1 lb');
INSERT INTO recipe_ingredients VALUES(56,10,56,'1 lb');
INSERT INTO recipe_ingredients VALUES(57,10,11,'1 large');
INSERT INTO recipe_ingredients VALUES(58,10,12,'2 cloves');
INSERT INTO recipe_ingredients VALUES(59,10,67,'12 oz');
INSERT INTO recipe_ingredients VALUES(60,10,18,'2 cups');
INSERT INTO recipe_ingredients VALUES(61,11,1,'2 cups');
INSERT INTO recipe_ingredients VALUES(62,11,7,'1 1/2 tsp');
INSERT INTO recipe_ingredients VALUES(63,11,3,'1 tsp');
INSERT INTO recipe_ingredients VALUES(64,11,2,'2 tbsp');
INSERT INTO recipe_ingredients VALUES(65,11,6,'1 1/4 cups');
INSERT INTO recipe_ingredients VALUES(66,11,5,'1 large');
INSERT INTO recipe_ingredients VALUES(67,11,4,'3 tbsp');
INSERT INTO recipe_ingredients VALUES(68,12,10,'2 tbsp');
INSERT INTO recipe_ingredients VALUES(69,12,11,'1 large');
INSERT INTO recipe_ingredients VALUES(70,12,22,'2 stalks');
INSERT INTO recipe_ingredients VALUES(71,12,14,'1 lb');
INSERT INTO recipe_ingredients VALUES(72,12,13,'2 cloves');
INSERT INTO recipe_ingredients VALUES(73,12,19,'12 oz');
INSERT INTO recipe_ingredients VALUES(74,13,19,'12 oz');
INSERT INTO recipe_ingredients VALUES(75,13,4,'1/4 cup');
INSERT INTO recipe_ingredients VALUES(76,13,14,'1 lb');
INSERT INTO recipe_ingredients VALUES(77,13,11,'2 cloves');
INSERT INTO recipe_ingredients VALUES(78,13,31,'1 cup');
INSERT INTO recipe_ingredients VALUES(79,14,24,'1 large');
INSERT INTO recipe_ingredients VALUES(80,14,13,'2 cloves');
INSERT INTO recipe_ingredients VALUES(81,14,25,'1 large');
INSERT INTO recipe_ingredients VALUES(82,14,27,'1 tbsp');
INSERT INTO recipe_ingredients VALUES(83,14,29,'1/2 cup');
INSERT INTO recipe_ingredients VALUES(84,15,5,'2 large');
INSERT INTO recipe_ingredients VALUES(85,15,6,'1/2 cup');
INSERT INTO recipe_ingredients VALUES(86,15,2,'1 tbsp');
INSERT INTO recipe_ingredients VALUES(87,15,9,'1 tsp');
INSERT INTO recipe_ingredients VALUES(88,15,7,'1 tsp');
INSERT INTO recipe_ingredients VALUES(89,15,17,'4 slices');
INSERT INTO recipe_ingredients VALUES(90,16,16,'2 lbs');
INSERT INTO recipe_ingredients VALUES(91,16,3,'1 tbsp');
INSERT INTO recipe_ingredients VALUES(92,16,27,'2 tbsp');
INSERT INTO recipe_ingredients VALUES(93,17,43,'6 cups');
INSERT INTO recipe_ingredients VALUES(94,17,2,'3/4 cup');
INSERT INTO recipe_ingredients VALUES(95,17,1,'2 tbsp');
INSERT INTO recipe_ingredients VALUES(96,17,3,'1/2 tsp');
INSERT INTO recipe_ingredients VALUES(97,17,44,'1 tsp');
INSERT INTO recipe_ingredients VALUES(98,18,10,'1/4 cup');
INSERT INTO recipe_ingredients VALUES(99,18,11,'2 cloves');
INSERT INTO recipe_ingredients VALUES(100,18,45,'1 lb');
INSERT INTO recipe_ingredients VALUES(101,18,27,'1 tbsp');
INSERT INTO recipe_ingredients VALUES(102,18,46,'1/4 cup');
INSERT INTO recipe_ingredients VALUES(103,19,4,'1 cup');
INSERT INTO recipe_ingredients VALUES(104,19,2,'1 cup');
INSERT INTO recipe_ingredients VALUES(105,19,3,'1/2 tsp');
INSERT INTO recipe_ingredients VALUES(106,19,5,'2 large');
INSERT INTO recipe_ingredients VALUES(107,19,1,'2 cups');
INSERT INTO recipe_ingredients VALUES(108,19,47,'1 cup');
INSERT INTO recipe_ingredients VALUES(109,20,14,'1 lb');
INSERT INTO recipe_ingredients VALUES(110,20,18,'1/2 cup');
INSERT INTO recipe_ingredients VALUES(111,20,48,'8 shells');
INSERT INTO recipe_ingredients VALUES(112,20,26,'1 cup');
INSERT INTO recipe_ingredients VALUES(113,20,13,'2 cloves');
INSERT INTO recipe_ingredients VALUES(114,21,49,'4 fillets');
INSERT INTO recipe_ingredients VALUES(115,21,10,'1/4 cup');
INSERT INTO recipe_ingredients VALUES(116,21,26,'1/4 cup');
INSERT INTO recipe_ingredients VALUES(117,21,27,'2 tsp');
INSERT INTO recipe_ingredients VALUES(118,22,5,'4 large');
INSERT INTO recipe_ingredients VALUES(119,22,6,'1 cup');
INSERT INTO recipe_ingredients VALUES(120,22,18,'1 cup');
INSERT INTO recipe_ingredients VALUES(121,22,50,'1/2 cup');
INSERT INTO recipe_ingredients VALUES(122,22,27,'1/4 cup');
INSERT INTO recipe_ingredients VALUES(123,23,10,'2 tbsp');
INSERT INTO recipe_ingredients VALUES(124,23,13,'2 cloves');
INSERT INTO recipe_ingredients VALUES(125,23,20,'2 cups');
INSERT INTO recipe_ingredients VALUES(126,23,19,'1 cup');
INSERT INTO recipe_ingredients VALUES(127,23,39,'1/4 cup');
INSERT INTO recipe_ingredients VALUES(128,24,15,'1/2 lb');
INSERT INTO recipe_ingredients VALUES(129,24,11,'1 large');
INSERT INTO recipe_ingredients VALUES(130,24,13,'2 cloves');
INSERT INTO recipe_ingredients VALUES(131,24,21,'1 cup');
INSERT INTO recipe_ingredients VALUES(132,24,53,'1 cup');
INSERT INTO recipe_ingredients VALUES(133,24,54,'1/2 cup');
INSERT INTO recipe_ingredients VALUES(134,25,14,'1 lb');
INSERT INTO recipe_ingredients VALUES(135,25,24,'4 large');
INSERT INTO recipe_ingredients VALUES(136,25,19,'1 cup');
INSERT INTO recipe_ingredients VALUES(137,25,13,'2 cloves');
INSERT INTO recipe_ingredients VALUES(138,25,18,'1/2 cup');
INSERT INTO recipe_ingredients VALUES(139,26,1,'2 cups');
INSERT INTO recipe_ingredients VALUES(140,26,2,'1 cup');
INSERT INTO recipe_ingredients VALUES(141,26,3,'1 tsp');
INSERT INTO recipe_ingredients VALUES(142,26,4,'1/2 cup');
INSERT INTO recipe_ingredients VALUES(143,26,5,'2 large');
INSERT INTO recipe_ingredients VALUES(144,26,6,'1 cup');
INSERT INTO recipe_ingredients VALUES(145,26,7,'1 tsp');
INSERT INTO recipe_ingredients VALUES(146,27,14,'1 lb');
INSERT INTO recipe_ingredients VALUES(147,27,48,'8 shells');
INSERT INTO recipe_ingredients VALUES(148,27,18,'1/2 cup');
INSERT INTO recipe_ingredients VALUES(149,27,26,'1 cup');
INSERT INTO recipe_ingredients VALUES(150,27,13,'2 cloves');
INSERT INTO recipe_ingredients VALUES(151,28,19,'12 oz');
INSERT INTO recipe_ingredients VALUES(152,28,4,'1/4 cup');
INSERT INTO recipe_ingredients VALUES(153,28,18,'1 cup');
INSERT INTO recipe_ingredients VALUES(154,28,11,'2 cloves');
INSERT INTO recipe_ingredients VALUES(155,28,6,'1 cup');
INSERT INTO recipe_ingredients VALUES(156,29,14,'1 lb');
INSERT INTO recipe_ingredients VALUES(157,29,11,'1 large');
INSERT INTO recipe_ingredients VALUES(158,29,12,'2 cloves');
INSERT INTO recipe_ingredients VALUES(159,29,56,'2 cans');
INSERT INTO recipe_ingredients VALUES(160,29,53,'1 can');
INSERT INTO recipe_ingredients VALUES(161,29,21,'1 cup');
INSERT INTO recipe_ingredients VALUES(162,30,14,'1 lb');
INSERT INTO recipe_ingredients VALUES(163,30,11,'1 large');
INSERT INTO recipe_ingredients VALUES(164,30,12,'2 cloves');
INSERT INTO recipe_ingredients VALUES(165,30,22,'2 stalks');
INSERT INTO recipe_ingredients VALUES(166,30,21,'2 cups');
INSERT INTO recipe_ingredients VALUES(167,30,13,'1/2 cup');
INSERT INTO recipe_ingredients VALUES(168,31,65,'2 cups');
INSERT INTO recipe_ingredients VALUES(169,31,2,'1 cup');
INSERT INTO recipe_ingredients VALUES(170,31,61,'1 tsp');
INSERT INTO recipe_ingredients VALUES(171,31,64,'1/2 tsp');
INSERT INTO recipe_ingredients VALUES(172,31,5,'2 large');
INSERT INTO recipe_ingredients VALUES(173,31,58,'1 can');
INSERT INTO recipe_ingredients VALUES(174,31,1,'1/2 cup');
INSERT INTO recipe_ingredients VALUES(175,32,15,'1 lb');
INSERT INTO recipe_ingredients VALUES(176,32,11,'1 large');
INSERT INTO recipe_ingredients VALUES(177,32,12,'2 cloves');
INSERT INTO recipe_ingredients VALUES(178,32,3,'1 tsp');
INSERT INTO recipe_ingredients VALUES(179,32,27,'1 tbsp');
INSERT INTO recipe_ingredients VALUES(180,32,66,'4 slices');
INSERT INTO recipe_ingredients VALUES(181,33,21,'2 lbs');
INSERT INTO recipe_ingredients VALUES(182,33,4,'1/4 cup');
INSERT INTO recipe_ingredients VALUES(183,33,6,'1/2 cup');
INSERT INTO recipe_ingredients VALUES(184,33,3,'1 tsp');
INSERT INTO recipe_ingredients VALUES(185,34,4,'1/2 cup');
INSERT INTO recipe_ingredients VALUES(186,34,2,'1 cup');
INSERT INTO recipe_ingredients VALUES(187,34,5,'2 large');
INSERT INTO recipe_ingredients VALUES(188,34,9,'1 tsp');
INSERT INTO recipe_ingredients VALUES(189,34,67,'1 cup');
INSERT INTO recipe_ingredients VALUES(190,34,8,'1/2 cup');
INSERT INTO recipe_ingredients VALUES(191,35,14,'1 lb');
INSERT INTO recipe_ingredients VALUES(192,35,25,'1 large');
INSERT INTO recipe_ingredients VALUES(193,35,24,'1 large');
INSERT INTO recipe_ingredients VALUES(194,35,27,'1 tbsp');
INSERT INTO recipe_ingredients VALUES(195,35,18,'4 tortillas');
INSERT INTO recipe_ingredients VALUES(196,36,24,'4 large');
INSERT INTO recipe_ingredients VALUES(197,36,27,'1 tbsp');
INSERT INTO recipe_ingredients VALUES(198,36,9,'1 tsp');
INSERT INTO recipe_ingredients VALUES(199,36,18,'1/4 cup');
INSERT INTO recipe_ingredients VALUES(200,36,29,'1/4 cup');
INSERT INTO recipe_ingredients VALUES(201,37,14,'1 lb');
INSERT INTO recipe_ingredients VALUES(202,37,21,'2 cups');
INSERT INTO recipe_ingredients VALUES(203,37,22,'2 stalks');
INSERT INTO recipe_ingredients VALUES(204,37,23,'1 cup');
INSERT INTO recipe_ingredients VALUES(205,37,18,'1 cup');
INSERT INTO recipe_ingredients VALUES(206,37,25,'1 large');
INSERT INTO recipe_ingredients VALUES(207,38,4,'1 cup');
INSERT INTO recipe_ingredients VALUES(208,38,2,'1 cup');
INSERT INTO recipe_ingredients VALUES(209,38,31,'1 cup');
INSERT INTO recipe_ingredients VALUES(210,38,5,'4 large');
INSERT INTO recipe_ingredients VALUES(211,38,9,'1 tsp');
INSERT INTO recipe_ingredients VALUES(212,38,27,'1/4 cup');
INSERT INTO recipe_ingredients VALUES(213,39,10,'2 cloves');
INSERT INTO recipe_ingredients VALUES(215,39,18,'1/4 cup');
INSERT INTO recipe_ingredients VALUES(216,39,25,'1/4 cup');
INSERT INTO recipe_ingredients VALUES(217,39,30,'1 loaf');
INSERT INTO recipe_ingredients VALUES(218,40,5,'12 large');
INSERT INTO recipe_ingredients VALUES(219,40,4,'1/4 cup');
INSERT INTO recipe_ingredients VALUES(220,40,11,'1/2 cup');
INSERT INTO recipe_ingredients VALUES(221,40,3,'1 tsp');
INSERT INTO recipe_ingredients VALUES(222,40,27,'1/2 tsp');
INSERT INTO recipe_ingredients VALUES(223,40,1,'1/4 cup');
CREATE TABLE saved_recipes (
    id INTEGER PRIMARY KEY AUTOINCREMENT,
    user_id INTEGER NOT NULL,
    recipe_id INTEGER NOT NULL,
    saved_at TIMESTAMP DEFAULT CURRENT_TIMESTAMP,
    FOREIGN KEY (user_id) REFERENCES users (id),
    FOREIGN KEY (recipe_id) REFERENCES recipes (id)
);
INSERT INTO saved_recipes VALUES(1,1,2,'2024-05-16 13:45:58');
INSERT INTO saved_recipes VALUES(2,1,11,'2024-05-16 13:45:58');
INSERT INTO saved_recipes VALUES(3,1,31,'2024-05-16 13:45:58');
INSERT INTO saved_recipes VALUES(4,2,1,'2024-05-16 13:45:58');
INSERT INTO saved_recipes VALUES(5,2,12,'2024-05-16 13:45:58');
INSERT INTO saved_recipes VALUES(6,2,32,'2024-05-16 13:45:58');
INSERT INTO saved_recipes VALUES(7,3,4,'2024-05-16 13:45:58');
INSERT INTO saved_recipes VALUES(8,3,13,'2024-05-16 13:45:58');
INSERT INTO saved_recipes VALUES(9,3,33,'2024-05-16 13:45:58');
INSERT INTO saved_recipes VALUES(10,4,3,'2024-05-16 13:45:58');
INSERT INTO saved_recipes VALUES(11,4,14,'2024-05-16 13:45:58');
INSERT INTO saved_recipes VALUES(12,4,34,'2024-05-16 13:45:58');
INSERT INTO saved_recipes VALUES(13,5,6,'2024-05-16 13:45:58');
INSERT INTO saved_recipes VALUES(14,5,15,'2024-05-16 13:45:58');
INSERT INTO saved_recipes VALUES(15,5,35,'2024-05-16 13:45:58');
INSERT INTO saved_recipes VALUES(16,6,5,'2024-05-16 13:45:58');
INSERT INTO saved_recipes VALUES(17,6,16,'2024-05-16 13:45:58');
INSERT INTO saved_recipes VALUES(18,6,36,'2024-05-16 13:45:58');
INSERT INTO saved_recipes VALUES(19,7,8,'2024-05-16 13:45:58');
INSERT INTO saved_recipes VALUES(20,7,17,'2024-05-16 13:45:58');
INSERT INTO saved_recipes VALUES(21,7,37,'2024-05-16 13:45:58');
INSERT INTO saved_recipes VALUES(22,8,7,'2024-05-16 13:45:58');
INSERT INTO saved_recipes VALUES(23,8,18,'2024-05-16 13:45:58');
INSERT INTO saved_recipes VALUES(24,8,38,'2024-05-16 13:45:58');
INSERT INTO saved_recipes VALUES(25,9,10,'2024-05-16 13:45:58');
INSERT INTO saved_recipes VALUES(26,9,19,'2024-05-16 13:45:58');
INSERT INTO saved_recipes VALUES(27,9,39,'2024-05-16 13:45:58');
INSERT INTO saved_recipes VALUES(28,10,9,'2024-05-16 13:45:58');
INSERT INTO saved_recipes VALUES(29,10,20,'2024-05-16 13:45:58');
INSERT INTO saved_recipes VALUES(30,10,40,'2024-05-16 13:45:58');
INSERT INTO saved_recipes VALUES(36,1,1,'2024-05-21 20:00:10');
DELETE FROM sqlite_sequence;
INSERT INTO sqlite_sequence VALUES('users',18);
INSERT INTO sqlite_sequence VALUES('recipes',42);
INSERT INTO sqlite_sequence VALUES('ingredients',69);
INSERT INTO sqlite_sequence VALUES('recipe_ingredients',225);
INSERT INTO sqlite_sequence VALUES('saved_recipes',38);
COMMIT;
